{
    "mean": [
        66.78604999999997,
        2543.5601249999922,
        33.374074999999934,
        87.19632500000014,
        52.199125000000144,
        30.022274999999997
    ],
    "std": [
        35.40133161898714,
        1177.3494164170152,
        23.876623932088357,
        10.037091909232227,
        27.504642366960105,
        11.406495575959122
    ],
    "classes": [
        "SLOW",
        "NORMAL",
        "AGGRESSIVE"
    ]
}